<resources>
    <string name="app_name">Qinniu</string>

    <string name="hello_world">Hello world!</string>
    <string name="action_settings">Settings</string>
    <string name="title_activity_login">LoginActivity</string>
    <string name="title_activity_register">RegisterActivity</string>
    <string name="title_activity_register_turn">RegisterTurnActivity</string>
    <string name="title_activity_exchange">ExchangeActivity</string>
    <string name="title_activity_simulation">SimulationActivity</string>
</resources>
